{
    "metadata":{
        "generator":"io_three",
        "version":3,
        "uvs":0,
        "faces":18,
        "vertices":24,
        "type":"Geometry",
        "normals":18
    },
    "faces":[33,0,1,2,3,0,0,0,0,33,4,7,6,5,1,1,1,1,33,0,4,5,1,2,2,2,2,33,1,5,6,2,3,3,3,3,33,2,6,7,3,4,4,4,4,33,4,0,3,7,5,5,5,5,33,8,9,10,11,6,6,6,6,33,12,15,14,13,7,7,7,7,33,8,12,13,9,8,8,8,8,33,9,13,14,10,9,9,9,9,33,10,14,15,11,10,10,10,10,33,12,8,11,15,11,11,11,11,33,16,17,18,19,12,12,12,12,33,20,23,22,21,13,13,13,13,33,16,20,21,17,14,14,14,14,33,17,21,22,18,15,15,15,15,33,18,22,23,19,16,16,16,16,33,20,16,19,23,17,17,17,17],
    "vertices":[0.379852,0.6614,1.20797,1,0.250644,2.31021,-1,0.250644,2.31021,-1,0.250644,0.310212,0.379853,2.6614,1.20797,0.999999,2.25064,2.31021,-1,2.25064,2.31021,-1.62015,2.6614,1.20797,1.16486,1.74684,-1.90722,1.16486,1.74684,0.092783,-0.214991,1.33608,-0.804975,-0.21499,1.33608,-2.80498,1.16486,3.74684,-1.90722,1.16486,3.74684,0.0927839,-0.835139,3.74684,0.092783,-0.835138,3.74684,-1.90722,1.07546,1.6803,-1.62279,1.07546,1.6803,0.377211,-0.924544,1.6803,0.377211,-0.304396,1.26955,-2.52055,1.6956,3.26955,-2.52055,1.07546,3.6803,0.377212,-0.924544,3.6803,0.377211,-0.304396,3.26955,-2.52055],
    "normals":[0.161134,-0.97369,-0.161133,-1.39347e-07,0.93705,0.349196,0.87153,1.41386e-07,-0.490343,-2.98023e-07,-5.96047e-08,1,-0.970222,-0.171273,0.171273,0.224576,0.224575,-0.948226,0.285308,-0.958436,9.31522e-08,4.26326e-14,1,-1.19209e-07,1,2.98023e-08,2.68221e-07,-0.224575,-0.224576,0.948225,-0.96847,-0.249131,-2.03532e-07,0.224576,0.224575,-0.948225,0.0951512,-0.990905,0.0951513,4.07313e-08,0.990102,-0.140347,0.981428,-0.135643,0.135643,-2.38419e-07,-1.78814e-07,1,-0.977858,-9.0512e-08,-0.209271,0.278016,-0.278016,-0.919464],
    "uvs":[]
}